{"cameraMode":{"drawMode":0,"name":"Shaded","section":"Shading Mode"},"sceneLighting":true,"audioPlay":false,"sceneViewState":{"showFog":true,"showMaterialUpdate":false,"showSkybox":true,"showFlares":true,"showImageEffects":true,"showParticleSystems":true},"in2DMode":false,"pivot":{"x":-5.91965389251709,"y":-4.285165786743164,"z":-1.8690509796142579},"rotation":{"x":-0.467080295085907,"y":0.1861986666917801,"z":-0.10131244361400604,"w":-0.8584305047988892},"size":10.695710182189942,"orthographic":false}