{"cameraMode":{"drawMode":0,"name":"Shaded","section":"Shading Mode"},"sceneLighting":false,"audioPlay":false,"sceneViewState":{"showFog":true,"showMaterialUpdate":false,"showSkybox":false,"showFlares":true,"showImageEffects":true,"showParticleSystems":true},"in2DMode":false,"pivot":{"x":8.67242431640625,"y":0.9326530694961548,"z":-9.229999542236329},"rotation":{"x":0.2769279181957245,"y":-0.1206720769405365,"z":0.0350789837539196,"w":0.9526413679122925},"size":0.8467310070991516,"orthographic":false}