{"cameraMode":{"drawMode":0,"name":"Shaded","section":"Shading Mode"},"sceneLighting":false,"audioPlay":false,"sceneViewState":{"showFog":true,"showMaterialUpdate":false,"showSkybox":false,"showFlares":true,"showImageEffects":true,"showParticleSystems":true},"in2DMode":false,"pivot":{"x":0.0,"y":0.07536239922046662,"z":0.1697179675102234},"rotation":{"x":-0.2589731812477112,"y":0.16191300749778748,"z":-0.04407591372728348,"w":-0.95122230052948},"size":0.3225473165512085,"orthographic":false}