{"cameraMode":{"drawMode":0,"name":"Shaded","section":"Shading Mode"},"sceneLighting":false,"audioPlay":false,"sceneViewState":{"showFog":true,"showMaterialUpdate":false,"showSkybox":false,"showFlares":true,"showImageEffects":true,"showParticleSystems":true},"in2DMode":false,"pivot":{"x":0.0000013113021850585938,"y":1.7156951427459717,"z":-2.384185791015625e-7},"rotation":{"x":-0.2211516797542572,"y":0.3589985966682434,"z":-0.08796896040439606,"w":-0.9024881720542908},"size":2.5445992946624758,"orthographic":false}